Feature,IV
0,1.4584514562573635e-18
1,0.009877216763804262
2,0.07815458717183578
3,0.012678944240764904
4,0.0043385150351909815
